keyword,language,intent,volume,kd_percent,cpc_usd,page_target,priority
how to file for divorce in dubai,EN,Informational,260,5,0.96,/en/how-to-file-for-divorce-in-dubai,HIGH
اجراءات الطلاق في الامارات,AR,Informational,260,4,0.70,/ar/كيفية-تقديم-الطلاق-في-الامارات,HIGH
divorce lawyer dubai,EN,Commercial,320,23,3.09,/en/divorce-lawyer-dubai,HIGH
محامي طلاق في دبي,AR,Commercial,70,5,4.05,/ar/محامي-طلاق-دبي,HIGH
محامي طلاق في ابوظبي,AR,Commercial,70,5,3.37,/ar/محامي-طلاق-ابوظبي,HIGH
محامي طلاق,AR,Commercial,210,6,3.86,/ar/محامي-طلاق,HIGH
best divorce lawyer dubai,EN,Commercial,170,29,4.67,/en/divorce-lawyer-dubai,HIGH
حقوق الزوجة بعد الطلاق في الإمارات,AR,Informational,140,1,1.13,/ar/حقوق-الزوجة-بعد-الطلاق-الامارات,HIGH
divorce in uae for expats,EN,Informational,30,4,1.23,/en/divorce-in-uae-for-expats,HIGH
divorce in dubai for expat,EN,Informational,30,3,1.28,/en/divorce-in-uae-for-expats,HIGH
expat divorce lawyers in dubai,EN,Commercial,70,8,0.00,/en/divorce-lawyer-dubai,HIGH
child custody uae,EN,Informational,50,7,1.00,/en/child-custody-uae,HIGH
حضانة الاطفال بعد الطلاق في الامارات,AR,Informational,40,2,0.00,/ar/حضانة-الاطفال-الامارات,HIGH
طلاق للضرر,AR,Informational,70,4,0.72,/ar/طلاق-للضرر,HIGH
الطلاق للضرر,AR,Informational,50,6,0.72,/ar/طلاق-للضرر,HIGH
uae divorce law,EN,Informational,320,12,2.67,/en/uae-divorce-law,MEDIUM
divorce in uae,EN,Informational,480,11,1.15,/en/divorce-in-uae,MEDIUM
الطلاق في الامارات,AR,Informational,210,5,0.76,/ar/الطلاق-في-الامارات,MEDIUM
dubai divorce,EN,Informational,210,9,1.45,/en/divorce-in-uae,MEDIUM
divorce procedure in dubai,EN,Informational,90,5,0.94,/en/how-to-file-for-divorce-in-dubai,MEDIUM
divorce process in dubai,EN,Informational,90,6,0.94,/en/how-to-file-for-divorce-in-dubai,MEDIUM
how to get divorce in uae,EN,Informational,110,10,1.07,/en/how-to-file-for-divorce-in-dubai,MEDIUM
how to divorce in uae,EN,Informational,140,9,0.88,/en/how-to-file-for-divorce-in-dubai,MEDIUM
how to file divorce in dubai for indian,EN,Informational,140,8,1.05,/en/how-to-file-for-divorce-in-dubai,MEDIUM
how to apply for divorce in uae,EN,Informational,70,5,0.92,/en/how-to-file-for-divorce-in-dubai,MEDIUM
how to apply divorce in uae,EN,Informational,30,5,0.85,/en/how-to-file-for-divorce-in-dubai,MEDIUM
how to get divorce in dubai,EN,Informational,40,7,0.94,/en/how-to-file-for-divorce-in-dubai,MEDIUM
divorce in abu dhabi,EN,Informational,110,11,1.29,/en/divorce-lawyer-abu-dhabi,MEDIUM
divorce lawyers in abu dhabi,EN,Commercial,110,5,2.92,/en/divorce-lawyer-abu-dhabi,MEDIUM
divorce in abu dhabi for expats,EN,Informational,40,8,1.50,/en/divorce-lawyer-abu-dhabi,MEDIUM
divorce procedure in uae,EN,Informational,50,9,0.80,/en/how-to-file-for-divorce-in-dubai,MEDIUM
divorce rate in uae,EN,Informational,110,15,0.00,/en/divorce-rate-uae,LOW
نسبة الطلاق في الامارات,AR,Informational,40,9,0.00,/ar/نسبة-الطلاق-في-الامارات,LOW
uae divorce law child custody,EN,Informational,50,7,1.00,/en/child-custody-uae,MEDIUM
can a woman divorce her husband in islam,EN,Informational,90,16,0.00,/en/uae-divorce-law,MEDIUM
الطلاق,AR,Informational,390,8,1.26,/ar/الطلاق-في-الامارات,MEDIUM
انواع الطلاق,AR,Informational,140,13,0.00,/ar/انواع-الطلاق,LOW
عدة الطلاق,AR,Informational,210,22,0.00,/ar/عدة-الطلاق,LOW
الطلاق مرتان,AR,Informational,140,18,0.00,/ar/الطلاق-في-الامارات,LOW
الطلاق البدعي,AR,Informational,40,21,0.00,/ar/انواع-الطلاق,LOW
الطلاق بالثلاث هل فيه رجعه,AR,Informational,40,22,0.00,/ar/انواع-الطلاق,LOW
ماحكم الطلاق وقت الغضب,AR,Informational,40,18,0.00,/ar/انواع-الطلاق,LOW
الزواج بنية الطلاق,AR,Informational,40,26,0.00,/ar/انواع-الطلاق,LOW
كفارة اليمين بالطلاق,AR,Informational,40,22,0.00,/ar/انواع-الطلاق,LOW
حضانة الاطفال بعد الطلاق,AR,Informational,140,4,0.00,/ar/حضانة-الاطفال-الامارات,HIGH
قانون الطلاق في الامارات,AR,Informational,30,1,1.05,/ar/قانون-الطلاق-في-الامارات,HIGH
أسباب رفض دعوى الطلاق للضرر,AR,Informational,30,2,2.14,/ar/طلاق-للضرر,HIGH
صيغة ارجاع الزوجة بعد الطلاق,AR,Informational,30,13,0.90,/ar/حقوق-الزوجة-بعد-الطلاق-الامارات,MEDIUM
25 سؤال قبل الطلاق,AR,Informational,30,15,0.00,/ar/الطلاق-في-الامارات,LOW
ابغض الحلال عند الله الطلاق,AR,Informational,210,19,0.00,/ar/الطلاق-في-الامارات,LOW
ان ابغض الحلال عند الله الطلاق,AR,Informational,110,13,0.00,/ar/الطلاق-في-الامارات,LOW
annulment vs divorce,EN,Informational,210,22,0.00,/en/annulment-vs-divorce-uae,LOW
annulment divorce difference,EN,Informational,140,18,0.00,/en/annulment-vs-divorce-uae,LOW
difference between annulled and divorce,EN,Informational,140,8,0.00,/en/annulment-vs-divorce-uae,LOW
difference between annulment and divorce,EN,Informational,50,7,0.00,/en/annulment-vs-divorce-uae,LOW
annulment versus divorce,EN,Informational,30,14,0.00,/en/annulment-vs-divorce-uae,LOW
divorce papers,EN,Informational,590,16,0.88,/en/how-to-file-for-divorce-in-dubai,MEDIUM
divorce papers india,EN,Informational,90,12,0.62,SKIP - not UAE,SKIP
divorce in india,EN,Informational,50,16,0.26,SKIP - not UAE,SKIP
divorce procedure in india,EN,Informational,210,19,0.22,SKIP - not UAE,SKIP
divorce laws in india,EN,Informational,110,18,0.36,SKIP - not UAE,SKIP
divorce rules in india,EN,Informational,110,19,0.36,SKIP - not UAE,SKIP
mutual divorce india process,EN,Informational,70,12,0.14,SKIP - not UAE,SKIP
mutual divorce procedure in india,EN,Informational,30,8,0.14,SKIP - not UAE,SKIP
divorce alimony rules in india,EN,Informational,40,9,0.00,SKIP - not UAE,SKIP
automatic divorce after 2 years in india,EN,Informational,30,10,0.00,SKIP - not UAE,SKIP
divorce in the philippines,EN,Informational,110,19,0.00,SKIP - not UAE,SKIP
philippines absolute divorce bill,EN,Informational,260,22,0.00,SKIP - not UAE,SKIP
divorce bill philippines,EN,Informational,140,16,0.00,SKIP - not UAE,SKIP
is divorce legal in the philippines,EN,Informational,90,21,0.00,SKIP - not UAE,SKIP
divorce in philippines update,EN,Informational,70,10,0.00,SKIP - not UAE,SKIP
divorce in the philippines update,EN,Informational,40,22,0.00,SKIP - not UAE,SKIP
divorce lawyers near me,EN,Commercial,50,26,3.45,SKIP - no geo,SKIP
divorce mediation,EN,Informational,30,19,2.79,/en/how-to-file-for-divorce-in-dubai,LOW
amicable divorce,EN,Informational,30,18,1.47,/en/how-to-file-for-divorce-in-dubai,LOW
no fault divorce,EN,Informational,30,23,1.07,/en/uae-divorce-law,LOW
divorce application,EN,Informational,30,19,0.84,/en/how-to-file-for-divorce-in-dubai,LOW
divorce notice format,EN,Informational,30,19,6.14,/en/how-to-file-for-divorce-in-dubai,LOW
online divorce form,EN,Informational,30,17,0.97,/en/how-to-file-for-divorce-in-dubai,LOW
legal divorce,EN,Informational,30,8,3.25,/en/divorce-in-uae,LOW
love after divorce,EN,Informational,90,26,0.00,SKIP - lifestyle,SKIP
divorced dating,EN,Informational,40,21,0.00,SKIP - lifestyle,SKIP
divorce lady for marriage,EN,Informational,40,10,0.23,SKIP - lifestyle,SKIP
divorce quotes,EN,Informational,110,26,0.00,SKIP - lifestyle,SKIP
divorce in the bible,EN,Informational,40,27,0.00,SKIP - religious,SKIP
سورة الطلاق,AR,Informational,2400,22,0.00,SKIP - Quran only,SKIP
سورة الطلاق مكتوبة,AR,Informational,390,14,0.00,SKIP - Quran only,SKIP
سورة الطلاق مكتوبة كاملة,AR,Informational,40,17,0.00,SKIP - Quran only,SKIP
الطلاق في المنام,AR,Informational,210,22,0.00,/ar/تفسير-الطلاق-في-المنام,LOW
معنى الطلاق في المنام للمتزوجة,AR,Informational,140,19,0.00,/ar/تفسير-الطلاق-في-المنام,LOW
تفسير حلم الطلاق للمتزوجة,AR,Informational,90,19,0.00,/ar/تفسير-الطلاق-في-المنام,LOW
تفسير حلم الطلاق,AR,Informational,50,20,0.00,/ar/تفسير-الطلاق-في-المنام,LOW
نموذج قسيمة طلاق مصرية pdf,AR,Informational,40,10,0.00,SKIP - Egypt only,SKIP
كيف اتكلم الانجليزية بطلاقة,AR,Informational,30,23,0.70,SKIP - wrong topic,SKIP
khalid and salama divorce,EN,Informational,1900,19,0.00,SKIP - celebrity,SKIP
khalid al ameri divorce,EN,Informational,1000,19,0.00,SKIP - celebrity,SKIP
salama and khalid divorce,EN,Informational,1000,19,0.00,SKIP - celebrity,SKIP
khalid and salama divorce reason,EN,Informational,170,15,0.00,SKIP - celebrity,SKIP
the divorced billionaire heiress,EN,Informational,720,22,1.31,SKIP - fiction,SKIP
the divorced billionaire heiress full movie,EN,Informational,720,25,1.14,SKIP - fiction,SKIP
divorce perfume,EN,Informational,1300,24,0.00,SKIP - product,SKIP
divorce perfume price,EN,Informational,320,13,0.39,SKIP - product,SKIP
divorce perfume price in uae,EN,Informational,210,7,0.39,SKIP - product,SKIP
meghan markle divorce,EN,Informational,140,27,0.00,SKIP - celebrity,SKIP
is meghan markle divorced,EN,Informational,40,26,0.00,SKIP - celebrity,SKIP
bill gates divorce settlement,EN,Informational,110,27,12.25,SKIP - celebrity,SKIP
clooney divorce,EN,Informational,110,26,0.00,SKIP - celebrity,SKIP
eefrah shahrukh divorce,EN,Informational,170,23,0.00,SKIP - celebrity,SKIP
طلاق ياسمين صبري,AR,Informational,170,15,0.00,SKIP - celebrity,SKIP
اسماء الاسد تطلب الطلاق,AR,Informational,140,22,0.00,SKIP - celebrity,SKIP
طلاق حصة الفلاسي,AR,Informational,70,22,0.00,SKIP - celebrity,SKIP
طلاق احمد السقا,AR,Informational,50,22,0.00,SKIP - celebrity,SKIP
